"run","model","auc","cost","degree","ntree"
1,"SVM-linear",0.897058823529412,1,1,NA
1,"SVM-polynomial",0.892156862745098,1,3,NA
1,"RandomForests",0.946078431372549,NA,NA,300
2,"SVM-linear",0.923076923076923,1,1,NA
2,"SVM-polynomial",0.963800904977376,1,3,NA
2,"RandomForests",0.941176470588235,NA,NA,300
3,"SVM-linear",0.83710407239819,1,1,NA
3,"SVM-polynomial",0.809954751131222,1,1,NA
3,"RandomForests",0.796380090497738,NA,NA,100
4,"SVM-linear",0.900452488687783,1,1,NA
4,"SVM-polynomial",0.932126696832579,1,1,NA
4,"RandomForests",0.932126696832579,NA,NA,500
5,"SVM-linear",0.945701357466063,1,1,NA
5,"SVM-polynomial",0.990950226244344,1,3,NA
5,"RandomForests",0.959276018099548,NA,NA,300
