"run","model","auc","cost","degree","ntree"
1,"SVM-linear",1,1,1,NA
1,"SVM-polynomial",1,1,1,NA
1,"RandomForests",1,NA,NA,100
2,"SVM-linear",0.990950226244344,1,1,NA
2,"SVM-polynomial",0.990950226244344,1,1,NA
2,"RandomForests",1,NA,NA,300
3,"SVM-linear",0.995475113122172,1,1,NA
3,"SVM-polynomial",0.990950226244344,1,1,NA
3,"RandomForests",0.984162895927602,NA,NA,500
4,"SVM-linear",0.97737556561086,1,1,NA
4,"SVM-polynomial",0.972850678733032,1,1,NA
4,"RandomForests",0.979638009049774,NA,NA,50
5,"SVM-linear",1,1,1,NA
5,"SVM-polynomial",1,1,1,NA
5,"RandomForests",1,NA,NA,300
