"run","model","auc","cost","degree","ntree"
1,"SVM-polynomial",0.990950226244344,1,1,NA
1,"SVM-polynomial",0.945701357466063,1,2,NA
1,"SVM-polynomial",0.990950226244344,1,3,NA
1,"SVM-polynomial",0.850678733031674,1,4,NA
1,"SVM-polynomial",0.986425339366516,1,1,NA
1,"SVM-polynomial",0.959276018099548,1,2,NA
1,"SVM-polynomial",0.990950226244344,1,3,NA
1,"SVM-polynomial",0.959276018099548,1,4,NA
1,"SVM-polynomial",0.972850678733032,1,1,NA
1,"SVM-polynomial",0.936651583710407,1,2,NA
1,"SVM-polynomial",0.877828054298643,1,3,NA
1,"SVM-polynomial",0.823529411764706,1,4,NA
1,"SVM-polynomial",1,1,1,NA
1,"SVM-polynomial",0.995475113122172,1,2,NA
1,"SVM-polynomial",1,1,3,NA
1,"SVM-polynomial",0.945701357466063,1,4,NA
2,"SVM-polynomial",1,1,1,NA
2,"SVM-polynomial",0.980392156862745,1,2,NA
2,"SVM-polynomial",0.995098039215686,1,3,NA
2,"SVM-polynomial",0.936274509803922,1,4,NA
2,"SVM-polynomial",0.986425339366516,1,1,NA
2,"SVM-polynomial",0.941176470588235,1,2,NA
2,"SVM-polynomial",0.995475113122172,1,3,NA
2,"SVM-polynomial",0.936651583710407,1,4,NA
2,"SVM-polynomial",0.968325791855204,1,1,NA
2,"SVM-polynomial",0.936651583710407,1,2,NA
2,"SVM-polynomial",0.868778280542986,1,3,NA
2,"SVM-polynomial",0.787330316742081,1,4,NA
2,"SVM-polynomial",1,1,1,NA
2,"SVM-polynomial",0.968325791855204,1,2,NA
2,"SVM-polynomial",0.995475113122172,1,3,NA
2,"SVM-polynomial",0.868778280542986,1,4,NA
3,"SVM-polynomial",1,1,1,NA
3,"SVM-polynomial",0.990196078431372,1,2,NA
3,"SVM-polynomial",1,1,3,NA
3,"SVM-polynomial",1,1,4,NA
3,"SVM-polynomial",1,1,1,NA
3,"SVM-polynomial",0.945701357466063,1,2,NA
3,"SVM-polynomial",0.995475113122172,1,3,NA
3,"SVM-polynomial",0.932126696832579,1,4,NA
3,"SVM-polynomial",0.95475113122172,1,1,NA
3,"SVM-polynomial",0.968325791855204,1,2,NA
3,"SVM-polynomial",0.945701357466063,1,3,NA
3,"SVM-polynomial",0.950226244343891,1,4,NA
3,"SVM-polynomial",1,1,1,NA
3,"SVM-polynomial",1,1,2,NA
3,"SVM-polynomial",1,1,3,NA
3,"SVM-polynomial",0.986425339366516,1,4,NA
4,"SVM-polynomial",1,1,1,NA
4,"SVM-polynomial",0.975490196078431,1,2,NA
4,"SVM-polynomial",0.990196078431372,1,3,NA
4,"SVM-polynomial",0.867647058823529,1,4,NA
4,"SVM-polynomial",0.995475113122172,1,1,NA
4,"SVM-polynomial",0.923076923076923,1,2,NA
4,"SVM-polynomial",0.972850678733032,1,3,NA
4,"SVM-polynomial",0.742081447963801,1,4,NA
4,"SVM-polynomial",0.986425339366516,1,1,NA
4,"SVM-polynomial",0.932126696832579,1,2,NA
4,"SVM-polynomial",0.990950226244344,1,3,NA
4,"SVM-polynomial",0.936651583710407,1,4,NA
4,"SVM-polynomial",1,1,1,NA
4,"SVM-polynomial",0.97737556561086,1,2,NA
4,"SVM-polynomial",0.995475113122172,1,3,NA
4,"SVM-polynomial",0.846153846153846,1,4,NA
5,"SVM-polynomial",1,1,1,NA
5,"SVM-polynomial",1,1,2,NA
5,"SVM-polynomial",0.995098039215686,1,3,NA
5,"SVM-polynomial",0.985294117647059,1,4,NA
5,"SVM-polynomial",0.981900452488688,1,1,NA
5,"SVM-polynomial",0.932126696832579,1,2,NA
5,"SVM-polynomial",0.990950226244344,1,3,NA
5,"SVM-polynomial",0.773755656108597,1,4,NA
5,"SVM-polynomial",0.986425339366516,1,1,NA
5,"SVM-polynomial",0.932126696832579,1,2,NA
5,"SVM-polynomial",0.995475113122172,1,3,NA
5,"SVM-polynomial",0.936651583710407,1,4,NA
5,"SVM-polynomial",0.959276018099548,1,1,NA
5,"SVM-polynomial",0.941176470588235,1,2,NA
5,"SVM-polynomial",0.85972850678733,1,3,NA
5,"SVM-polynomial",0.819004524886878,1,4,NA
