"run","model","auc","cost","degree","ntree"
1,"SVM-polynomial",0.941176470588235,1,1,NA
1,"SVM-polynomial",0.791855203619909,1,2,NA
1,"SVM-polynomial",0.959276018099548,1,3,NA
1,"SVM-polynomial",0.800904977375566,1,4,NA
1,"SVM-polynomial",0.81447963800905,1,1,NA
1,"SVM-polynomial",0.828054298642534,1,2,NA
1,"SVM-polynomial",0.832579185520362,1,3,NA
1,"SVM-polynomial",0.746606334841629,1,4,NA
1,"SVM-polynomial",0.904977375565611,1,1,NA
1,"SVM-polynomial",0.800904977375566,1,2,NA
1,"SVM-polynomial",0.918552036199095,1,3,NA
1,"SVM-polynomial",0.805429864253394,1,4,NA
1,"SVM-polynomial",0.963800904977376,1,1,NA
1,"SVM-polynomial",0.81447963800905,1,2,NA
1,"SVM-polynomial",0.990950226244344,1,3,NA
1,"SVM-polynomial",0.900452488687783,1,4,NA
2,"SVM-polynomial",0.897058823529412,1,1,NA
2,"SVM-polynomial",0.857843137254902,1,2,NA
2,"SVM-polynomial",0.906862745098039,1,3,NA
2,"SVM-polynomial",0.779411764705882,1,4,NA
2,"SVM-polynomial",0.796380090497738,1,1,NA
2,"SVM-polynomial",0.805429864253394,1,2,NA
2,"SVM-polynomial",0.782805429864253,1,3,NA
2,"SVM-polynomial",0.800904977375566,1,4,NA
2,"SVM-polynomial",0.918552036199095,1,1,NA
2,"SVM-polynomial",0.787330316742081,1,2,NA
2,"SVM-polynomial",0.927601809954751,1,3,NA
2,"SVM-polynomial",0.877828054298643,1,4,NA
2,"SVM-polynomial",0.97737556561086,1,1,NA
2,"SVM-polynomial",0.882352941176471,1,2,NA
2,"SVM-polynomial",0.990950226244344,1,3,NA
2,"SVM-polynomial",0.895927601809955,1,4,NA
3,"SVM-polynomial",0.911764705882353,1,1,NA
3,"SVM-polynomial",0.813725490196079,1,2,NA
3,"SVM-polynomial",0.897058823529412,1,3,NA
3,"SVM-polynomial",0.740196078431372,1,4,NA
3,"SVM-polynomial",0.932126696832579,1,1,NA
3,"SVM-polynomial",0.828054298642534,1,2,NA
3,"SVM-polynomial",0.941176470588235,1,3,NA
3,"SVM-polynomial",0.85972850678733,1,4,NA
3,"SVM-polynomial",0.950226244343891,1,1,NA
3,"SVM-polynomial",0.764705882352941,1,2,NA
3,"SVM-polynomial",0.950226244343891,1,3,NA
3,"SVM-polynomial",0.832579185520362,1,4,NA
3,"SVM-polynomial",0.945701357466063,1,1,NA
3,"SVM-polynomial",0.796380090497738,1,2,NA
3,"SVM-polynomial",0.945701357466063,1,3,NA
3,"SVM-polynomial",0.782805429864253,1,4,NA
4,"SVM-polynomial",0.887254901960784,1,1,NA
4,"SVM-polynomial",0.852941176470588,1,2,NA
4,"SVM-polynomial",0.843137254901961,1,3,NA
4,"SVM-polynomial",0.754901960784314,1,4,NA
4,"SVM-polynomial",0.941176470588235,1,1,NA
4,"SVM-polynomial",0.81447963800905,1,2,NA
4,"SVM-polynomial",0.945701357466063,1,3,NA
4,"SVM-polynomial",0.832579185520362,1,4,NA
4,"SVM-polynomial",0.81447963800905,1,1,NA
4,"SVM-polynomial",0.742081447963801,1,2,NA
4,"SVM-polynomial",0.805429864253394,1,3,NA
4,"SVM-polynomial",0.746606334841629,1,4,NA
4,"SVM-polynomial",0.963800904977376,1,1,NA
4,"SVM-polynomial",0.868778280542987,1,2,NA
4,"SVM-polynomial",0.97737556561086,1,3,NA
4,"SVM-polynomial",0.868778280542986,1,4,NA
5,"SVM-polynomial",0.887254901960784,1,1,NA
5,"SVM-polynomial",0.82843137254902,1,2,NA
5,"SVM-polynomial",0.892156862745098,1,3,NA
5,"SVM-polynomial",0.813725490196078,1,4,NA
5,"SVM-polynomial",0.932126696832579,1,1,NA
5,"SVM-polynomial",0.895927601809955,1,2,NA
5,"SVM-polynomial",0.959276018099548,1,3,NA
5,"SVM-polynomial",0.981900452488688,1,4,NA
5,"SVM-polynomial",0.796380090497738,1,1,NA
5,"SVM-polynomial",0.796380090497738,1,2,NA
5,"SVM-polynomial",0.819004524886878,1,3,NA
5,"SVM-polynomial",0.760180995475113,1,4,NA
5,"SVM-polynomial",0.904977375565611,1,1,NA
5,"SVM-polynomial",0.864253393665159,1,2,NA
5,"SVM-polynomial",0.909502262443439,1,3,NA
5,"SVM-polynomial",0.83710407239819,1,4,NA
