"run","model","auc","cost","degree","ntree"
1,"RandomForests",0.95475113122172,NA,NA,5
1,"RandomForests",0.981900452488688,NA,NA,10
1,"RandomForests",0.975113122171946,NA,NA,50
1,"RandomForests",0.990950226244344,NA,NA,100
1,"RandomForests",0.990950226244344,NA,NA,300
1,"RandomForests",0.990950226244344,NA,NA,500
1,"RandomForests",0.929864253393665,NA,NA,5
1,"RandomForests",0.882352941176471,NA,NA,10
1,"RandomForests",0.952488687782805,NA,NA,50
1,"RandomForests",0.986425339366516,NA,NA,100
1,"RandomForests",0.981900452488688,NA,NA,300
1,"RandomForests",0.981900452488688,NA,NA,500
1,"RandomForests",0.970588235294118,NA,NA,5
1,"RandomForests",0.923076923076923,NA,NA,10
1,"RandomForests",0.97737556561086,NA,NA,50
1,"RandomForests",0.986425339366516,NA,NA,100
1,"RandomForests",0.981900452488688,NA,NA,300
1,"RandomForests",0.97737556561086,NA,NA,500
1,"RandomForests",0.96606334841629,NA,NA,5
1,"RandomForests",0.995475113122172,NA,NA,10
1,"RandomForests",1,NA,NA,50
1,"RandomForests",1,NA,NA,100
1,"RandomForests",1,NA,NA,300
1,"RandomForests",1,NA,NA,500
2,"RandomForests",0.990196078431372,NA,NA,5
2,"RandomForests",0.987745098039216,NA,NA,10
2,"RandomForests",1,NA,NA,50
2,"RandomForests",1,NA,NA,100
2,"RandomForests",1,NA,NA,300
2,"RandomForests",1,NA,NA,500
2,"RandomForests",0.929864253393665,NA,NA,5
2,"RandomForests",0.979638009049774,NA,NA,10
2,"RandomForests",0.970588235294118,NA,NA,50
2,"RandomForests",0.981900452488688,NA,NA,100
2,"RandomForests",0.986425339366516,NA,NA,300
2,"RandomForests",0.981900452488688,NA,NA,500
2,"RandomForests",0.914027149321267,NA,NA,5
2,"RandomForests",0.970588235294118,NA,NA,10
2,"RandomForests",0.984162895927602,NA,NA,50
2,"RandomForests",0.984162895927602,NA,NA,100
2,"RandomForests",0.986425339366516,NA,NA,300
2,"RandomForests",0.990950226244344,NA,NA,500
2,"RandomForests",0.938914027149321,NA,NA,5
2,"RandomForests",1,NA,NA,10
2,"RandomForests",1,NA,NA,50
2,"RandomForests",1,NA,NA,100
2,"RandomForests",1,NA,NA,300
2,"RandomForests",1,NA,NA,500
3,"RandomForests",0.970588235294118,NA,NA,5
3,"RandomForests",1,NA,NA,10
3,"RandomForests",1,NA,NA,50
3,"RandomForests",1,NA,NA,100
3,"RandomForests",1,NA,NA,300
3,"RandomForests",1,NA,NA,500
3,"RandomForests",0.884615384615385,NA,NA,5
3,"RandomForests",0.979638009049774,NA,NA,10
3,"RandomForests",1,NA,NA,50
3,"RandomForests",0.995475113122172,NA,NA,100
3,"RandomForests",1,NA,NA,300
3,"RandomForests",1,NA,NA,500
3,"RandomForests",0.981900452488688,NA,NA,5
3,"RandomForests",0.927601809954751,NA,NA,10
3,"RandomForests",0.995475113122172,NA,NA,50
3,"RandomForests",0.981900452488688,NA,NA,100
3,"RandomForests",0.981900452488688,NA,NA,300
3,"RandomForests",0.995475113122172,NA,NA,500
3,"RandomForests",0.995475113122172,NA,NA,5
3,"RandomForests",1,NA,NA,10
3,"RandomForests",0.997737556561086,NA,NA,50
3,"RandomForests",1,NA,NA,100
3,"RandomForests",1,NA,NA,300
3,"RandomForests",1,NA,NA,500
4,"RandomForests",0.950980392156863,NA,NA,5
4,"RandomForests",0.980392156862745,NA,NA,10
4,"RandomForests",1,NA,NA,50
4,"RandomForests",1,NA,NA,100
4,"RandomForests",1,NA,NA,300
4,"RandomForests",1,NA,NA,500
4,"RandomForests",0.961538461538461,NA,NA,5
4,"RandomForests",0.975113122171946,NA,NA,10
4,"RandomForests",0.997737556561086,NA,NA,50
4,"RandomForests",0.995475113122172,NA,NA,100
4,"RandomForests",0.995475113122172,NA,NA,300
4,"RandomForests",0.995475113122172,NA,NA,500
4,"RandomForests",0.952488687782805,NA,NA,5
4,"RandomForests",0.975113122171946,NA,NA,10
4,"RandomForests",0.984162895927602,NA,NA,50
4,"RandomForests",0.972850678733032,NA,NA,100
4,"RandomForests",0.981900452488688,NA,NA,300
4,"RandomForests",0.986425339366516,NA,NA,500
4,"RandomForests",0.993212669683258,NA,NA,5
4,"RandomForests",1,NA,NA,10
4,"RandomForests",1,NA,NA,50
4,"RandomForests",1,NA,NA,100
4,"RandomForests",1,NA,NA,300
4,"RandomForests",1,NA,NA,500
5,"RandomForests",0.958333333333333,NA,NA,5
5,"RandomForests",0.997549019607843,NA,NA,10
5,"RandomForests",1,NA,NA,50
5,"RandomForests",1,NA,NA,100
5,"RandomForests",1,NA,NA,300
5,"RandomForests",1,NA,NA,500
5,"RandomForests",0.97737556561086,NA,NA,5
5,"RandomForests",0.945701357466063,NA,NA,10
5,"RandomForests",1,NA,NA,50
5,"RandomForests",0.98868778280543,NA,NA,100
5,"RandomForests",1,NA,NA,300
5,"RandomForests",0.995475113122172,NA,NA,500
5,"RandomForests",0.947963800904977,NA,NA,5
5,"RandomForests",0.972850678733032,NA,NA,10
5,"RandomForests",0.986425339366516,NA,NA,50
5,"RandomForests",0.986425339366516,NA,NA,100
5,"RandomForests",0.986425339366516,NA,NA,300
5,"RandomForests",0.986425339366516,NA,NA,500
5,"RandomForests",0.97737556561086,NA,NA,5
5,"RandomForests",0.938914027149321,NA,NA,10
5,"RandomForests",0.963800904977376,NA,NA,50
5,"RandomForests",0.981900452488688,NA,NA,100
5,"RandomForests",0.97737556561086,NA,NA,300
5,"RandomForests",0.981900452488688,NA,NA,500
