"run","model","auc","cost","degree","ntree"
1,"RandomForests",0.932126696832579,NA,NA,5
1,"RandomForests",0.920814479638009,NA,NA,10
1,"RandomForests",0.941176470588235,NA,NA,50
1,"RandomForests",0.943438914027149,NA,NA,100
1,"RandomForests",0.963800904977376,NA,NA,300
1,"RandomForests",0.950226244343891,NA,NA,500
1,"RandomForests",0.789592760180995,NA,NA,5
1,"RandomForests",0.809954751131222,NA,NA,10
1,"RandomForests",0.751131221719457,NA,NA,50
1,"RandomForests",0.785067873303168,NA,NA,100
1,"RandomForests",0.782805429864253,NA,NA,300
1,"RandomForests",0.785067873303168,NA,NA,500
1,"RandomForests",0.866515837104072,NA,NA,5
1,"RandomForests",0.929864253393665,NA,NA,10
1,"RandomForests",0.850678733031674,NA,NA,50
1,"RandomForests",0.882352941176471,NA,NA,100
1,"RandomForests",0.893665158371041,NA,NA,300
1,"RandomForests",0.886877828054299,NA,NA,500
1,"RandomForests",0.943438914027149,NA,NA,5
1,"RandomForests",0.920814479638009,NA,NA,10
1,"RandomForests",0.975113122171946,NA,NA,50
1,"RandomForests",0.972850678733032,NA,NA,100
1,"RandomForests",0.95475113122172,NA,NA,300
1,"RandomForests",0.96606334841629,NA,NA,500
2,"RandomForests",0.867647058823529,NA,NA,5
2,"RandomForests",0.909313725490196,NA,NA,10
2,"RandomForests",0.95343137254902,NA,NA,50
2,"RandomForests",0.943627450980392,NA,NA,100
2,"RandomForests",0.943627450980392,NA,NA,300
2,"RandomForests",0.943627450980392,NA,NA,500
2,"RandomForests",0.816742081447964,NA,NA,5
2,"RandomForests",0.800904977375566,NA,NA,10
2,"RandomForests",0.800904977375566,NA,NA,50
2,"RandomForests",0.800904977375566,NA,NA,100
2,"RandomForests",0.789592760180995,NA,NA,300
2,"RandomForests",0.782805429864253,NA,NA,500
2,"RandomForests",0.911764705882353,NA,NA,5
2,"RandomForests",0.923076923076923,NA,NA,10
2,"RandomForests",0.907239819004525,NA,NA,50
2,"RandomForests",0.914027149321267,NA,NA,100
2,"RandomForests",0.938914027149321,NA,NA,300
2,"RandomForests",0.925339366515837,NA,NA,500
2,"RandomForests",0.972850678733032,NA,NA,5
2,"RandomForests",0.986425339366516,NA,NA,10
2,"RandomForests",0.961538461538462,NA,NA,50
2,"RandomForests",0.963800904977376,NA,NA,100
2,"RandomForests",0.959276018099548,NA,NA,300
2,"RandomForests",0.96606334841629,NA,NA,500
3,"RandomForests",0.83578431372549,NA,NA,5
3,"RandomForests",0.916666666666667,NA,NA,10
3,"RandomForests",0.919117647058824,NA,NA,50
3,"RandomForests",0.96078431372549,NA,NA,100
3,"RandomForests",0.950980392156863,NA,NA,300
3,"RandomForests",0.950980392156863,NA,NA,500
3,"RandomForests",0.909502262443439,NA,NA,5
3,"RandomForests",0.957013574660634,NA,NA,10
3,"RandomForests",0.947963800904977,NA,NA,50
3,"RandomForests",0.959276018099548,NA,NA,100
3,"RandomForests",0.952488687782805,NA,NA,300
3,"RandomForests",0.95475113122172,NA,NA,500
3,"RandomForests",0.884615384615385,NA,NA,5
3,"RandomForests",0.923076923076923,NA,NA,10
3,"RandomForests",0.916289592760181,NA,NA,50
3,"RandomForests",0.920814479638009,NA,NA,100
3,"RandomForests",0.923076923076923,NA,NA,300
3,"RandomForests",0.927601809954751,NA,NA,500
3,"RandomForests",0.945701357466063,NA,NA,5
3,"RandomForests",0.979638009049774,NA,NA,10
3,"RandomForests",0.959276018099548,NA,NA,50
3,"RandomForests",0.963800904977376,NA,NA,100
3,"RandomForests",0.968325791855204,NA,NA,300
3,"RandomForests",0.963800904977376,NA,NA,500
4,"RandomForests",0.813725490196078,NA,NA,5
4,"RandomForests",0.941176470588235,NA,NA,10
4,"RandomForests",0.931372549019608,NA,NA,50
4,"RandomForests",0.899509803921569,NA,NA,100
4,"RandomForests",0.926470588235294,NA,NA,300
4,"RandomForests",0.931372549019608,NA,NA,500
4,"RandomForests",0.932126696832579,NA,NA,5
4,"RandomForests",0.889140271493213,NA,NA,10
4,"RandomForests",0.943438914027149,NA,NA,50
4,"RandomForests",0.95475113122172,NA,NA,100
4,"RandomForests",0.959276018099548,NA,NA,300
4,"RandomForests",0.959276018099548,NA,NA,500
4,"RandomForests",0.855203619909502,NA,NA,5
4,"RandomForests",0.809954751131222,NA,NA,10
4,"RandomForests",0.807692307692308,NA,NA,50
4,"RandomForests",0.866515837104073,NA,NA,100
4,"RandomForests",0.821266968325792,NA,NA,300
4,"RandomForests",0.819004524886878,NA,NA,500
4,"RandomForests",0.925339366515837,NA,NA,5
4,"RandomForests",0.941176470588235,NA,NA,10
4,"RandomForests",0.961538461538462,NA,NA,50
4,"RandomForests",0.950226244343891,NA,NA,100
4,"RandomForests",0.959276018099548,NA,NA,300
4,"RandomForests",0.963800904977376,NA,NA,500
5,"RandomForests",0.848039215686274,NA,NA,5
5,"RandomForests",0.936274509803922,NA,NA,10
5,"RandomForests",0.938725490196078,NA,NA,50
5,"RandomForests",0.941176470588235,NA,NA,100
5,"RandomForests",0.933823529411765,NA,NA,300
5,"RandomForests",0.941176470588235,NA,NA,500
5,"RandomForests",0.927601809954751,NA,NA,5
5,"RandomForests",0.918552036199095,NA,NA,10
5,"RandomForests",0.916289592760181,NA,NA,50
5,"RandomForests",0.943438914027149,NA,NA,100
5,"RandomForests",0.945701357466063,NA,NA,300
5,"RandomForests",0.938914027149321,NA,NA,500
5,"RandomForests",0.83710407239819,NA,NA,5
5,"RandomForests",0.841628959276018,NA,NA,10
5,"RandomForests",0.778280542986425,NA,NA,50
5,"RandomForests",0.80316742081448,NA,NA,100
5,"RandomForests",0.819004524886878,NA,NA,300
5,"RandomForests",0.798642533936652,NA,NA,500
5,"RandomForests",0.751131221719457,NA,NA,5
5,"RandomForests",0.843891402714932,NA,NA,10
5,"RandomForests",0.900452488687783,NA,NA,50
5,"RandomForests",0.907239819004525,NA,NA,100
5,"RandomForests",0.909502262443439,NA,NA,300
5,"RandomForests",0.909502262443439,NA,NA,500
