Run,Model,AUC,Cost,Degree,ntree
1,RandomForests,0.955,NA,NA,5
1,RandomForests,0.982,NA,NA,10
1,RandomForests,0.975,NA,NA,50
1,RandomForests,0.991,NA,NA,100
1,RandomForests,0.991,NA,NA,300
1,RandomForests,0.991,NA,NA,500
1,RandomForests,0.930,NA,NA,5
1,RandomForests,0.882,NA,NA,10
1,RandomForests,0.952,NA,NA,50
1,RandomForests,0.986,NA,NA,100
1,RandomForests,0.982,NA,NA,300
1,RandomForests,0.982,NA,NA,500
1,RandomForests,0.971,NA,NA,5
1,RandomForests,0.923,NA,NA,10
1,RandomForests,0.977,NA,NA,50
1,RandomForests,0.986,NA,NA,100
1,RandomForests,0.982,NA,NA,300
1,RandomForests,0.977,NA,NA,500
1,RandomForests,0.966,NA,NA,5
1,RandomForests,0.995,NA,NA,10
1,RandomForests,1.000,NA,NA,50
1,RandomForests,1.000,NA,NA,100
1,RandomForests,1.000,NA,NA,300
1,RandomForests,1.000,NA,NA,500
2,RandomForests,0.990,NA,NA,5
2,RandomForests,0.988,NA,NA,10
2,RandomForests,1.000,NA,NA,50
2,RandomForests,1.000,NA,NA,100
2,RandomForests,1.000,NA,NA,300
2,RandomForests,1.000,NA,NA,500
2,RandomForests,0.930,NA,NA,5
2,RandomForests,0.980,NA,NA,10
2,RandomForests,0.971,NA,NA,50
2,RandomForests,0.982,NA,NA,100
2,RandomForests,0.986,NA,NA,300
2,RandomForests,0.982,NA,NA,500
2,RandomForests,0.914,NA,NA,5
2,RandomForests,0.971,NA,NA,10
2,RandomForests,0.984,NA,NA,50
2,RandomForests,0.984,NA,NA,100
2,RandomForests,0.986,NA,NA,300
2,RandomForests,0.991,NA,NA,500
2,RandomForests,0.939,NA,NA,5
2,RandomForests,1.000,NA,NA,10
2,RandomForests,1.000,NA,NA,50
2,RandomForests,1.000,NA,NA,100
2,RandomForests,1.000,NA,NA,300
2,RandomForests,1.000,NA,NA,500
3,RandomForests,0.971,NA,NA,5
3,RandomForests,1.000,NA,NA,10
3,RandomForests,1.000,NA,NA,50
3,RandomForests,1.000,NA,NA,100
3,RandomForests,1.000,NA,NA,300
3,RandomForests,1.000,NA,NA,500
3,RandomForests,0.885,NA,NA,5
3,RandomForests,0.980,NA,NA,10
3,RandomForests,1.000,NA,NA,50
3,RandomForests,0.995,NA,NA,100
3,RandomForests,1.000,NA,NA,300
3,RandomForests,1.000,NA,NA,500
3,RandomForests,0.982,NA,NA,5
3,RandomForests,0.928,NA,NA,10
3,RandomForests,0.995,NA,NA,50
3,RandomForests,0.982,NA,NA,100
3,RandomForests,0.982,NA,NA,300
3,RandomForests,0.995,NA,NA,500
3,RandomForests,0.995,NA,NA,5
3,RandomForests,1.000,NA,NA,10
3,RandomForests,0.998,NA,NA,50
3,RandomForests,1.000,NA,NA,100
3,RandomForests,1.000,NA,NA,300
3,RandomForests,1.000,NA,NA,500
4,RandomForests,0.951,NA,NA,5
4,RandomForests,0.980,NA,NA,10
4,RandomForests,1.000,NA,NA,50
4,RandomForests,1.000,NA,NA,100
4,RandomForests,1.000,NA,NA,300
4,RandomForests,1.000,NA,NA,500
4,RandomForests,0.962,NA,NA,5
4,RandomForests,0.975,NA,NA,10
4,RandomForests,0.998,NA,NA,50
4,RandomForests,0.995,NA,NA,100
4,RandomForests,0.995,NA,NA,300
4,RandomForests,0.995,NA,NA,500
4,RandomForests,0.952,NA,NA,5
4,RandomForests,0.975,NA,NA,10
4,RandomForests,0.984,NA,NA,50
4,RandomForests,0.973,NA,NA,100
4,RandomForests,0.982,NA,NA,300
4,RandomForests,0.986,NA,NA,500
4,RandomForests,0.993,NA,NA,5
4,RandomForests,1.000,NA,NA,10
4,RandomForests,1.000,NA,NA,50
4,RandomForests,1.000,NA,NA,100
4,RandomForests,1.000,NA,NA,300
4,RandomForests,1.000,NA,NA,500
5,RandomForests,0.958,NA,NA,5
5,RandomForests,0.998,NA,NA,10
5,RandomForests,1.000,NA,NA,50
5,RandomForests,1.000,NA,NA,100
5,RandomForests,1.000,NA,NA,300
5,RandomForests,1.000,NA,NA,500
5,RandomForests,0.977,NA,NA,5
5,RandomForests,0.946,NA,NA,10
5,RandomForests,1.000,NA,NA,50
5,RandomForests,0.989,NA,NA,100
5,RandomForests,1.000,NA,NA,300
5,RandomForests,0.995,NA,NA,500
5,RandomForests,0.948,NA,NA,5
5,RandomForests,0.973,NA,NA,10
5,RandomForests,0.986,NA,NA,50
5,RandomForests,0.986,NA,NA,100
5,RandomForests,0.986,NA,NA,300
5,RandomForests,0.986,NA,NA,500
5,RandomForests,0.977,NA,NA,5
5,RandomForests,0.939,NA,NA,10
5,RandomForests,0.964,NA,NA,50
5,RandomForests,0.982,NA,NA,100
5,RandomForests,0.977,NA,NA,300
5,RandomForests,0.982,NA,NA,500
